X	Y	Z
-22	-106	216
-22	-107	216
-22	-107	215
-22	-108	215
-22	-108	214
-23	-108	214
-23	-109	214
-24	-109	214
-24	-109	213
-24	-110	213
-24	-111	213
-23	-111	213
-23	-111	214
-22	-111	214
-22	-111	215
-22	-110	215
-21	-110	215
-21	-109	215
-20	-109	215
-19	-109	215
-19	-109	216
-19	-110	216
-19	-111	216
-19	-112	216
-19	-113	216
-19	-113	217
-19	-113	218
-19	-113	219
-20	-113	219
-20	-112	219
-21	-112	219
-21	-112	218
-20	-112	218
-20	-113	218
-21	-113	218
-21	-114	218
-21	-114	217
-21	-113	217
-22	-113	217
-22	-112	217
-22	-112	216
-21	-112	216
-21	-113	216
-21	-114	216
-21	-115	216
-22	-115	216
-22	-115	217
-22	-115	218
-21	-115	218
-21	-115	219
-21	-114	219
-21	-114	220
-21	-113	220
-21	-113	221
-21	-112	221
-22	-112	221
-22	-112	222
-21	-112	222
-21	-113	222
-21	-113	223
-22	-113	223
-23	-113	223
-23	-112	223
-24	-112	223
-24	-112	222
-24	-112	221
-25	-112	221
-25	-113	221
-25	-113	222
-25	-113	223
-26	-113	223
-26	-113	224
-26	-113	225
-26	-114	225
-26	-114	226
-25	-114	226
-25	-114	225
-25	-113	225
-25	-113	226
-25	-112	226
-25	-111	226
-25	-111	225
-24	-111	225
-24	-112	225
-24	-113	225
-24	-113	226
-24	-114	226
-24	-114	227
-23	-114	227
-23	-115	227
-22	-115	227
-22	-114	227
-22	-113	227
-22	-113	228
-22	-114	228
-23	-114	228
-23	-114	229
-22	-114	229
-22	-115	229
-22	-116	229
-22	-116	228
-21	-116	228
-21	-115	228
-20	-115	228
-20	-114	228
-21	-114	228
-21	-113	228
-21	-113	229
-21	-113	230
-22	-113	230
-23	-113	230
-23	-114	230
-23	-114	231
-23	-113	231
-24	-113	231
-24	-113	230
-25	-113	230
-25	-114	230
-25	-114	229
-25	-115	229
-26	-115	229
-26	-116	229
-27	-116	229
-28	-116	229
-28	-116	230
-29	-116	230
-29	-116	229
-29	-115	229
-29	-114	229
-29	-114	230
-29	-115	230
-29	-115	231
-29	-116	231
-28	-116	231
-28	-115	231
-28	-115	230
-27	-115	230
-27	-114	230
-27	-113	230
-28	-113	230
-28	-112	230
-28	-112	229
-28	-111	229
-28	-111	230
-29	-111	230
-29	-112	230
-29	-112	229
-29	-111	229
-29	-110	229
-29	-109	229
-29	-109	230
-30	-109	230
-30	-109	231
-30	-108	231
-30	-108	232
-31	-108	232
-31	-109	232
-31	-110	232
-31	-110	233
-31	-109	233
-30	-109	233
-30	-108	233
-30	-107	233
-31	-107	233
-32	-107	233
-32	-107	234
-33	-107	234
-33	-107	233
-33	-106	233
-33	-106	232
-33	-106	231
-33	-106	230
-33	-106	229
-33	-105	229
-34	-105	229
-35	-105	229
-35	-104	229
-35	-104	230
-35	-103	230
-35	-102	230
-34	-102	230
-34	-101	230
-34	-101	229
-34	-100	229
-34	-100	230
-33	-100	230
-33	-101	230
-33	-101	229
-33	-100	229
-33	-100	228
-32	-100	228
-32	-100	227
-32	-99	227
-32	-99	228
-33	-99	228
-34	-99	228
-34	-100	228
-34	-101	228
-35	-101	228
-35	-101	229
-35	-102	229
-35	-103	229
-35	-103	228
-36	-103	228
-36	-103	229
-37	-103	229
-37	-104	229
-38	-104	229
-38	-104	228
-38	-104	227
-38	-105	227
-38	-105	226
-39	-105	226
-39	-106	226
-39	-106	225
-39	-106	224
-39	-105	224
-38	-105	224
-38	-106	224
-38	-106	223
-38	-106	222
-38	-107	222
-38	-107	223
-38	-108	223
-38	-108	222
-38	-108	221
-37	-108	221
-37	-107	221
-37	-107	220
-37	-107	219
-38	-107	219
-38	-107	218
-38	-107	217
-37	-107	217
-37	-107	218
-37	-106	218
-36	-106	218
-36	-106	219
-35	-106	219
-35	-106	220
-35	-107	220
-35	-108	220
-36	-108	220
-36	-108	219
-37	-108	219
-37	-109	219
-37	-110	219
-36	-110	219
-36	-110	218
-37	-110	218
-37	-110	217
-38	-110	217
-38	-110	216
-38	-109	216
-37	-109	216
-37	-109	215
-37	-110	215
-38	-110	215
-38	-111	215
-38	-112	215
-38	-112	214
-37	-112	214
-37	-112	213
-38	-112	213
-38	-112	212
-39	-112	212
-39	-111	212
-39	-111	211
-39	-112	211
-39	-113	211
-39	-113	210
-39	-113	209
-39	-113	208
-39	-114	208
-39	-114	207
-39	-113	207
-38	-113	207
-38	-114	207
-38	-115	207
-38	-115	206
-38	-116	206
-39	-116	206
-39	-117	206
-39	-117	207
-39	-117	208
-38	-117	208
-38	-117	207
-37	-117	207
-37	-117	206
-37	-116	206
-36	-116	206
-36	-116	205
-36	-115	205
-36	-115	206
-37	-115	206
-37	-115	207
-37	-115	208
-37	-115	209
-37	-115	210
-37	-116	210
-37	-117	210
-36	-117	210
-36	-117	211
-36	-117	212
-37	-117	212
-38	-117	212
-38	-118	212
-39	-118	212
-40	-118	212
-40	-119	212
-40	-120	212
-39	-120	212
-39	-120	211
-39	-121	211
-39	-121	210
-38	-121	210
-38	-121	209
-38	-122	209
-38	-123	209
-39	-123	209
-39	-124	209
-38	-124	209
-37	-124	209
-36	-124	209
-35	-124	209
-35	-124	208
-35	-125	208
-35	-126	208
-35	-127	208
-35	-128	208
-35	-129	208
-35	-130	208
-34	-130	208
-34	-130	207
-34	-129	207
-33	-129	207
-33	-129	208
-33	-129	209
-33	-130	209
-33	-130	210
-33	-129	210
-33	-128	210
-33	-128	211
-33	-127	211
-33	-127	212
-33	-127	213
-32	-127	213
-32	-126	213
-31	-126	213
-31	-126	212
-31	-125	212
-30	-125	212
-30	-126	212
-30	-126	211
-30	-127	211
-30	-128	211
-30	-128	212
-30	-129	212
-30	-130	212
-30	-131	212
-29	-131	212
-29	-131	213
-30	-131	213
-30	-131	214
-31	-131	214
-31	-131	215
-32	-131	215
-33	-131	215
-33	-131	216
-33	-132	216
-34	-132	216
-34	-133	216
-33	-133	216
-33	-133	215
-34	-133	215
-34	-134	215
-35	-134	215
-35	-134	214
-36	-134	214
-36	-133	214
-35	-133	214
-35	-132	214
-35	-132	213
-35	-133	213
-34	-133	213
-33	-133	213
-33	-133	212
-33	-134	212
-33	-134	211
-33	-135	211
-33	-135	212
-34	-135	212
-34	-134	212
-34	-134	213
-35	-134	213
-36	-134	213
-36	-135	213
-35	-135	213
-35	-136	213
-35	-136	214
-35	-135	214
-34	-135	214
-33	-135	214
-33	-136	214
-33	-136	215
-32	-136	215
-31	-136	215
-31	-136	216
-31	-135	216
-30	-135	216
-29	-135	216
-29	-135	215
-28	-135	215
-28	-136	215
-27	-136	215
-27	-135	215
-27	-135	214
-27	-136	214
-26	-136	214
-25	-136	214
-24	-136	214
-24	-136	213
-24	-137	213
-24	-137	214
-25	-137	214
-25	-138	214
-26	-138	214
-26	-139	214
-26	-140	214
-27	-140	214
-27	-141	214
-27	-142	214
-27	-143	214
-27	-143	213
-26	-143	213
-26	-143	214
-25	-143	214
-25	-142	214
-25	-141	214
-25	-140	214
-24	-140	214
-23	-140	214
-23	-140	215
-23	-139	215
-23	-138	215
-22	-138	215
-22	-137	215
-21	-137	215
-21	-138	215
-21	-138	216
-21	-137	216
-21	-137	217
-21	-137	218
-20	-137	218
-20	-137	217
-19	-137	217
-18	-137	217
-18	-138	217
-19	-138	217
-19	-138	216
-19	-139	216
-19	-139	215
-19	-140	215
-18	-140	215
-18	-141	215
-17	-141	215
-17	-142	215
-17	-142	214
-17	-141	214
-17	-141	213
-17	-142	213
-17	-142	212
-18	-142	212
-19	-142	212
-19	-143	212
-18	-143	212
-17	-143	212
-17	-143	211
-18	-143	211
-18	-143	210
-17	-143	210
-17	-142	210
-17	-141	210
-17	-140	210
-17	-139	210
-16	-139	210
-16	-138	210
-15	-138	210
-14	-138	210
-14	-139	210
-15	-139	210
-15	-139	211
-16	-139	211
-17	-139	211
-17	-138	211
-17	-137	211
-16	-137	211
-15	-137	211
-15	-136	211
-15	-136	210
-16	-136	210
-16	-136	209
-16	-136	208
-16	-136	207
-16	-135	207
-15	-135	207
-15	-135	206
-15	-135	205
-15	-134	205
-14	-134	205
-14	-133	205
-14	-133	206
-13	-133	206
-12	-133	206
-11	-133	206
-11	-134	206
-11	-134	207
-11	-134	208
-10	-134	208
-9	-134	208
-9	-134	209
-9	-133	209
-9	-133	210
-8	-133	210
-7	-133	210
-6	-133	210
-5	-133	210
-5	-133	209
-6	-133	209
-6	-133	208
-6	-132	208
-7	-132	208
-7	-132	207
-6	-132	207
-6	-131	207
-5	-131	207
-5	-131	206
-4	-131	206
-4	-130	206
-3	-130	206
-3	-131	206
-2	-131	206
-2	-132	206
-1	-132	206
-1	-132	207
-1	-132	208
-1	-131	208
-1	-131	207
-2	-131	207
-2	-131	208
-2	-131	209
-3	-131	209
-3	-132	209
-3	-133	209
-3	-134	209
-2	-134	209
-2	-134	210
-2	-135	210
-2	-135	211
-2	-134	211
-3	-134	211
-4	-134	211
-5	-134	211
-5	-133	211
-5	-133	212
-5	-132	212
-5	-132	211
-6	-132	211
-6	-132	210
-6	-131	210
-6	-131	209
-7	-131	209
-7	-130	209
-7	-129	209
-7	-129	210
-7	-129	211
-8	-129	211
-8	-129	212
-8	-130	212
-8	-130	213
-8	-130	214
-8	-129	214
-8	-129	213
-9	-129	213
-9	-130	213
-9	-130	214
-9	-130	215
-10	-130	215
-10	-131	215
-10	-132	215
-10	-132	214
-11	-132	214
-11	-131	214
-11	-131	215
-11	-131	216
-11	-132	216
-12	-132	216
-12	-133	216
-11	-133	216
-11	-133	215
-11	-133	214
-11	-134	214
-10	-134	214
-10	-134	215
-10	-134	216
-10	-135	216
-10	-135	217
-10	-135	218
-11	-135	218
-11	-134	218
-11	-134	217
-11	-135	217
-11	-135	216
-11	-135	215
-12	-135	215
-12	-135	216
-12	-136	216
-12	-137	216
-13	-137	216
-13	-136	216
-13	-136	215
-13	-137	215
-14	-137	215
-14	-137	216
-14	-138	216
-13	-138	216
-12	-138	216
-12	-138	215
-12	-138	214
-12	-138	213
-13	-138	213
-14	-138	213
-14	-138	212
-14	-139	212
-14	-140	212
-14	-140	211
-13	-140	211
-13	-139	211
-13	-138	211
-13	-137	211
-13	-136	211
-13	-136	210
-13	-135	210
-13	-134	210
-12	-134	210
-12	-133	210
-12	-133	211
-12	-132	211
-13	-132	211
-13	-132	210
-13	-131	210
-14	-131	210
-15	-131	210
-15	-131	209
-15	-130	209
-15	-130	210
-15	-129	210
-15	-128	210
-15	-128	211
-15	-128	212
-15	-127	212
-15	-127	213
-15	-128	213
-14	-128	213
-14	-129	213
-14	-129	214
-14	-130	214
-15	-130	214
-16	-130	214
-17	-130	214
-17	-130	215
-18	-130	215
-19	-130	215
-19	-130	214
-19	-130	213
-19	-129	213
-19	-128	213
-19	-128	212
-20	-128	212
-20	-129	212
-21	-129	212
-22	-129	212
-23	-129	212
-23	-129	211
-24	-129	211
-24	-130	211
-23	-130	211
-23	-131	211
-24	-131	211
-24	-131	212
-25	-131	212
-25	-131	213
-25	-130	213
-25	-130	214
-25	-131	214
-25	-132	214
-25	-133	214
-24	-133	214
-24	-134	214
-24	-135	214
-24	-135	213
-24	-134	213
-23	-134	213
-23	-133	213
-23	-132	213
-22	-132	213
-22	-132	212
-22	-133	212
-22	-133	213
-22	-133	214
-22	-133	215
-22	-133	216
-22	-132	216
-21	-132	216
-21	-133	216
-21	-133	217
-21	-133	218
-22	-133	218
-22	-134	218
-22	-134	217
-22	-133	217
-23	-133	217
-23	-132	217
-22	-132	217
-22	-132	218
-22	-131	218
-22	-131	217
-21	-131	217
-20	-131	217
-20	-130	217
-21	-130	217
-21	-130	218
-21	-129	218
-21	-129	217
-22	-129	217
-22	-129	218
-22	-128	218
-22	-128	219
-23	-128	219
-23	-129	219
-23	-129	218
-24	-129	218
-25	-129	218
-25	-130	218
-24	-130	218
-24	-130	217
-24	-129	217
-24	-129	216
-24	-128	216
-24	-128	217
-24	-127	217
-25	-127	217
-25	-127	216
-25	-127	215
-26	-127	215
-26	-126	215
-27	-126	215
-27	-126	216
-27	-127	216
-26	-127	216
-26	-126	216
-26	-125	216
-26	-125	215
-27	-125	215
-27	-125	216
-27	-124	216
-27	-123	216
-27	-123	217
-27	-124	217
-28	-124	217
-29	-124	217
-29	-125	217
-29	-126	217
-29	-126	218
-29	-125	218
-29	-125	219
-30	-125	219
-30	-126	219
-29	-126	219
-29	-126	220
-30	-126	220
-30	-126	221
-30	-127	221
-30	-127	220
-30	-127	219
-29	-127	219
-29	-128	219
-29	-129	219
-29	-130	219
-29	-130	218
-28	-130	218
-28	-129	218
-28	-128	218
-27	-128	218
-26	-128	218
-26	-128	219
-27	-128	219
-28	-128	219
-28	-129	219
-28	-129	220
-29	-129	220
-29	-128	220
-28	-128	220
-28	-127	220
-27	-127	220
-27	-127	219
-26	-127	219
-25	-127	219
-24	-127	219
-24	-127	218
-23	-127	218
-23	-127	219
-23	-126	219
-22	-126	219
-22	-126	220
-23	-126	220
-23	-125	220
-23	-125	221
-24	-125	221
-24	-124	221
-24	-124	222
-24	-123	222
-24	-123	223
-24	-122	223
-23	-122	223
-22	-122	223
-22	-123	223
-22	-123	222
-22	-122	222
-21	-122	222
-20	-122	222
-20	-122	223
-20	-122	224
-20	-122	225
-20	-121	225
-20	-121	226
-20	-121	227
-19	-121	227
-18	-121	227
-18	-122	227
-18	-122	226
-17	-122	226
-17	-122	227
-17	-123	227
-18	-123	227
-18	-123	228
-17	-123	228
-17	-123	229
-17	-123	230
-17	-123	231
-16	-123	231
-16	-122	231
-16	-121	231
-16	-120	231
-16	-119	231
-16	-119	232
-16	-119	233
-17	-119	233
-18	-119	233
-18	-119	234
-19	-119	234
-19	-119	235
-19	-119	236
-19	-119	237
-18	-119	237
-18	-119	238
-17	-119	238
-17	-118	238
-17	-117	238
-17	-117	237
-18	-117	237
-18	-117	236
-18	-116	236
-18	-116	235
-18	-116	234
-18	-117	234
-19	-117	234
-19	-118	234
-19	-118	233
-20	-118	233
-21	-118	233
-22	-118	233
-22	-117	233
-22	-117	234
-22	-117	235
-22	-118	235
-22	-118	234
-22	-119	234
-22	-120	234
-22	-120	235
-22	-120	236
-23	-120	236
-23	-120	237
-23	-121	237
-24	-121	237
-24	-121	238
-24	-120	238
-24	-119	238
-25	-119	238
-25	-118	238
-24	-118	238
-24	-117	238
-24	-116	238
-24	-115	238
-24	-115	237
-25	-115	237
-26	-115	237
-26	-114	237
-26	-113	237
-26	-113	238
-26	-113	239
-25	-113	239
-25	-114	239
-24	-114	239
-23	-114	239
-23	-113	239
-23	-113	240
-23	-112	240
-23	-112	241
-23	-112	242
-23	-113	242
-22	-113	242
-22	-112	242
-22	-111	242
-23	-111	242
-23	-111	241
-24	-111	241
-25	-111	241
-25	-111	240
-24	-111	240
-24	-111	239
-24	-112	239
-24	-112	240
-24	-112	241
-25	-112	241
-26	-112	241
-26	-112	242
-26	-112	243
-27	-112	243
-27	-112	242
-27	-111	242
-26	-111	242
-26	-111	243
-26	-110	243
-27	-110	243
-27	-110	244
-27	-111	244
-26	-111	244
-25	-111	244
-25	-111	245
-25	-110	245
-26	-110	245
-26	-111	245
-27	-111	245
-27	-111	246
-26	-111	246
-26	-111	247
-27	-111	247
-27	-112	247
-27	-112	246
-28	-112	246
-28	-112	245
-29	-112	245
-29	-113	245
-29	-113	244
-29	-112	244
-29	-111	244
-29	-111	245
-30	-111	245
-30	-110	245
-30	-110	244
-30	-111	244
-31	-111	244
-31	-112	244
-31	-113	244
-31	-113	245
-31	-113	246
-31	-114	246
-31	-114	247
-31	-114	248
-31	-114	249
-31	-115	249
-32	-115	249
-32	-115	250
-33	-115	250
-33	-115	249
-34	-115	249
-34	-115	250
-34	-114	250
-34	-114	251
-35	-114	251
-36	-114	251
-36	-114	250
-37	-114	250
-38	-114	250
-39	-114	250
-39	-114	249
-39	-114	248
-39	-114	247
-39	-115	247
-40	-115	247
-40	-115	246
-40	-114	246
-40	-113	246
-41	-113	246
-41	-113	245
-41	-113	244
-41	-114	244
-42	-114	244
-42	-114	243
-43	-114	243
-43	-114	242
-43	-113	242
-43	-113	241
-43	-112	241
-43	-112	240
-42	-112	240
-42	-113	240
-41	-113	240
-41	-113	241
-41	-113	242
-42	-113	242
-42	-113	241
-42	-112	241
-41	-112	241
-40	-112	241
-40	-112	240
-40	-113	240
-40	-113	241
-39	-113	241
-39	-112	241
-39	-112	240
-39	-111	240
-40	-111	240
-40	-110	240
-41	-110	240
-41	-110	241
-41	-109	241
-41	-109	240
-41	-109	239
-40	-109	239
-39	-109	239
-39	-109	238
-39	-110	238
-39	-111	238
-39	-112	238
-39	-112	237
-38	-112	237
-38	-112	236
-38	-112	235
-38	-112	234
-38	-112	233
-38	-112	232
-38	-112	231
-38	-113	231
-37	-113	231
-36	-113	231
-35	-113	231
-35	-112	231
-35	-112	230
-35	-111	230
-35	-110	230
-36	-110	230
-36	-110	231
-37	-110	231
-38	-110	231
-38	-110	232
-39	-110	232
-39	-110	233
-39	-111	233
-38	-111	233
-37	-111	233
-37	-110	233
-37	-109	233
-36	-109	233
-36	-109	234
-36	-110	234
-36	-111	234
-36	-111	235
-36	-111	236
-36	-110	236
-37	-110	236
-38	-110	236
-38	-111	236
-38	-111	235
-38	-110	235
-37	-110	235
-37	-110	234
-38	-110	234
-38	-109	234
-38	-108	234
-38	-108	235
-38	-107	235
-39	-107	235
-39	-108	235
-39	-108	236
-39	-107	236
-39	-107	237
-39	-107	238
-40	-107	238
-40	-107	239
-40	-107	240
-39	-107	240
-39	-106	240
-39	-105	240
-38	-105	240
-38	-105	241
-39	-105	241
-39	-106	241
-39	-107	241
-38	-107	241
-37	-107	241
-37	-107	242
-37	-107	243
-37	-107	244
-37	-107	245
-38	-107	245
-38	-106	245
-38	-106	246
-37	-106	246
-37	-106	245
-37	-105	245
-38	-105	245
-39	-105	245
-39	-104	245
-38	-104	245
-38	-104	244
-37	-104	244
-37	-103	244

